{"cameraMode":{"drawMode":0,"name":"Shaded","section":"Shading Mode"},"sceneLighting":false,"audioPlay":false,"sceneViewState":{"showFog":false,"showMaterialUpdate":false,"showSkybox":false,"showFlares":false,"showImageEffects":false,"showParticleSystems":false},"in2DMode":false,"pivot":{"x":0.12133344262838364,"y":0.12030351161956787,"z":-0.2651059627532959},"rotation":{"x":-0.5549545288085938,"y":0.0042446451261639599,"z":-0.0028222829569131138,"w":-0.8318712115287781},"size":0.791127622127533,"orthographic":false}