{"cameraMode":{"drawMode":0,"name":"Shaded","section":"Shading Mode"},"sceneLighting":false,"audioPlay":false,"sceneViewState":{"showFog":false,"showMaterialUpdate":false,"showSkybox":false,"showFlares":false,"showImageEffects":false,"showParticleSystems":false},"in2DMode":false,"pivot":{"x":-0.2319040596485138,"y":1.4471646547317505,"z":-0.45604410767555239},"rotation":{"x":-0.5965104103088379,"y":0.017333634197711946,"z":-0.01287995744496584,"w":-0.8023278117179871},"size":1.3088722229003907,"orthographic":false}