{"cameraMode":{"drawMode":0,"name":"Shaded","section":"Shading Mode"},"sceneLighting":false,"audioPlay":false,"sceneViewState":{"showFog":false,"showMaterialUpdate":false,"showSkybox":false,"showFlares":false,"showImageEffects":false,"showParticleSystems":false},"in2DMode":false,"pivot":{"x":0.17185576260089875,"y":0.16614697873592378,"z":-0.5500364303588867},"rotation":{"x":-0.5832997560501099,"y":0.00903440359979868,"z":-0.006445556413382292,"w":-0.8122069835662842},"size":0.7911278605461121,"orthographic":false}