{"cameraMode":{"drawMode":0,"name":"Shaded","section":"Shading Mode"},"sceneLighting":true,"audioPlay":false,"sceneViewState":{"showFog":false,"showMaterialUpdate":false,"showSkybox":false,"showFlares":false,"showImageEffects":false,"showParticleSystems":false},"in2DMode":false,"pivot":{"x":0.4778223931789398,"y":1.0457427501678467,"z":0.49983248114585879},"rotation":{"x":0.5982396006584168,"y":0.013218716718256474,"z":-0.009874248877167702,"w":0.8011575937271118},"size":0.9910823702812195,"orthographic":false}