{"cameraMode":{"drawMode":0,"name":"Shaded","section":"Shading Mode"},"sceneLighting":true,"audioPlay":false,"sceneViewState":{"showFog":false,"showMaterialUpdate":false,"showSkybox":false,"showFlares":false,"showImageEffects":false,"showParticleSystems":false},"in2DMode":false,"pivot":{"x":4.675203323364258,"y":12.173116683959961,"z":-1.279435396194458},"rotation":{"x":-0.3385339379310608,"y":0.5487419366836548,"z":-0.2582094371318817,"w":-0.71944659948349},"size":2.0826570987701418,"orthographic":false}