{"cameraMode":{"drawMode":0,"name":"Shaded","section":"Shading Mode"},"sceneLighting":true,"audioPlay":false,"sceneViewState":{"showFog":false,"showMaterialUpdate":false,"showSkybox":false,"showFlares":false,"showImageEffects":false,"showParticleSystems":false},"in2DMode":false,"pivot":{"x":-1.7559726238250733,"y":1.3427153825759888,"z":-4.145731449127197},"rotation":{"x":0.5881403684616089,"y":-0.033941853791475299,"z":0.02471640147268772,"w":0.8076706528663635},"size":13.361278533935547,"orthographic":false}