{"cameraMode":{"drawMode":0,"name":"Shaded","section":"Shading Mode"},"sceneLighting":false,"audioPlay":false,"sceneViewState":{"showFog":false,"showMaterialUpdate":false,"showSkybox":false,"showFlares":false,"showImageEffects":false,"showParticleSystems":false},"in2DMode":false,"pivot":{"x":-0.011305347084999085,"y":0.17499995231628419,"z":-0.12385673820972443},"rotation":{"x":0.0029663732275366785,"y":-0.8145103454589844,"z":0.5801330208778381,"w":0.004161805380135775},"size":0.5303300619125366,"orthographic":false}